iso3c,dls,books,country_name,iso2c,continent,population,gdp,internet_per_pop,pop_per_mil,dl_per_pop,exp_tertiary_pstudent,tertiary,rd,rank,country,documents,citable_documents,citations,self-citations,citations_per_document,h_index,region
ABW,1276,1159,Aruba,AW,Americas,104341,,0.182095245397303,0.104341,12229.1333224715,,15.27177,,202,Aruba,12,7,39,0,3.25,14,Caribbean
AFG,3268,2947,Afghanistan,AF,Asia,33736494,1926.35733615809,0.000209476420401006,33.736494,96.8683942083608,1096,,,161,Afghanistan,88,73,2466,34,28.02,40,Southern Asia
AGO,2768,2524,Angola,AO,Africa,27859305,6635.24275034319,0.00551237728292217,27.859305,99.3563909796027,,8.40094,,157,Angola,97,90,143,30,1.47,38,Middle Africa
AIA,17,16,Anguilla,AI,Americas,,,,,,,,,210,Anguilla,9,9,17,2,1.89,10,Caribbean
ALA,19,19,Aland Islands,,,,,,,,,,,,,,,,,,,Northern Europe
ALB,20048,17661,Albania,AL,Europe,2880703,11282.7935754788,0.0843092814497017,2.880703,6959.41233789113,1441,62.00762,,108,Albania,460,432,771,72,1.68,53,Southern Europe
AND,190,180,Andorra,AD,Europe,78014,,0.39344220268157,0.078014,2435.46030199708,,,,189,Andorra,26,23,58,6,2.23,22,Southern Europe
ARE,32292,26036,United Arab Emirates,AE,Asia,9154302,70254.8315723693,0.134848839376285,9.154302,3527.52181433385,,,0.89504,57,United Arab Emirates,4603,4227,14637,2147,3.18,153,Western Asia
ARG,102198,77892,Argentina,AR,Americas,43417765,20340.29241926,0.157903959358571,43.417765,2353.8291296201,3237,84.002,0.62262,40,Argentina,13060,11888,39274,7616,3.01,337,South America
ARM,9132,8331,Armenia,AM,Asia,2916950,8727.55832544865,0.0981569790363222,2.91695,3130.6673066045,833,46.5218,0.25002,90,Armenia,1047,1003,4522,889,4.32,150,Western Asia
ASM,115,104,American Samoa,AS,Oceania,55537,,,0.055537,2070.69161099807,,,,205,American Samoa,11,10,17,0,1.55,24,Polynesia
ATG,410,389,Antigua and Barbuda,AG,Americas,99923,21462.2869423222,0.100077059335688,0.099923,4103.15943276323,,,,207,Antigua and Barbuda,10,10,22,0,2.2,15,Caribbean
AUS,205276,132162,Australia,AU,Oceania,23850784,46095.1655591581,0.286279897549699,23.850784,8606.67724800996,10333,118.61086,1.91943,10,Australia,90944,79683,389471,99548,4.28,795,Australia and New Zealand
AUT,140381,91769,Austria,AT,Europe,8633169,49938.106289923,0.284426263403392,8.633169,16260.6570078728,17623,80.71942,3.04979,25,Austria,24057,21750,104128,18422,4.33,540,Western Europe
AZE,9815,8797,Azerbaijan,AZ,Asia,9649341,17782.0261527141,0.196848261451222,9.649341,1017.16790815041,,25.4832,0.22232,95,Azerbaijan,757,724,3573,350,4.72,76,Western Asia
BDI,865,765,Burundi,BI,Africa,10199270,796.960811425412,0.00035679024087018,10.19927,84.8099913032992,2338,,,169,Burundi,52,44,135,28,2.6,35,Eastern Africa
BEL,90423,70415,Belgium,BE,Europe,11274196,45430.9073823844,0.365529302488621,11.274196,8020.35018727721,14719,74.55976,2.46123,22,Belgium,32171,29028,157271,28303,4.89,661,Western Europe
BEN,3522,2842,Benin,BJ,Africa,10575952,2116.06363772786,0.00692731963987734,10.575952,333.019665747348,1341,13.55343,,110,Benin,432,411,3290,181,7.62,73,Western Africa
BES,3,3,"Bonaire, Saint Eustatius and Saba",BQ,Americas,,,,,,,,,,,,,,,,,Caribbean
BFA,1233,1114,Burkina Faso,BF,Africa,18110624,1699.87988977636,0.000398108866928053,18.110624,68.0815857035075,3775,5.06383,,103,Burkina Faso,536,510,1822,245,3.4,91,Western Africa
BGD,53263,41552,Bangladesh,BD,Asia,161200886,3335.75979065344,0.0303530589776039,161.200886,330.413816708179,642,,,60,Bangladesh,3587,3345,10825,1845,3.02,154,Southern Asia
BGR,60014,50587,Bulgaria,BG,Europe,7177991,18115.2350726374,0.224929370906149,7.177991,8360.83522534369,2825,70.30154,0.96015,59,Bulgaria,3945,3706,12760,1698,3.23,205,Eastern Europe
BHR,10655,9442,Bahrain,BH,Asia,1371855,46775.7403335698,0.184451709546563,1.371855,7766.85582659975,,43.27575,,116,Bahrain,377,327,3425,74,9.08,61,Western Asia
BHS,977,923,Bahamas,BS,Americas,386838,22448.5270264115,0.209436508305802,0.386838,2525.60503363165,,,,172,Bahamas,47,39,137,26,2.91,38,Caribbean
BIH,21220,18388,Bosnia and Herzegovina,BA,Europe,3535961,11526.4243893206,0.179579752152244,3.535961,6001.19741139679,,,0.2186,93,Bosnia and Herzegovina,887,845,1761,230,1.99,71,Southern Europe
BLR,12703,11546,Belarus,BY,Europe,9489616,18347.1407011402,0.305965699771203,9.489616,1338.62107802887,2894,89.56716,0.49999,76,Belarus,1727,1668,5435,1175,3.15,146,Eastern Europe
BLZ,969,883,Belize,BZ,Americas,359288,8584.22563455672,0.0483706664291599,0.359288,2697.00073478658,2769,23.25367,,185,Belize,32,28,2371,5,74.09,45,Central America
BMU,51,47,Bermuda,BM,Americas,65250,,0.459770114942529,0.06525,781.609195402299,10000,25.14212,0.22036,174,Bermuda,43,38,194,23,4.51,78,Northern America
BOL,14612,12519,Bolivia,BO,Americas,10724705,6955.18276973353,0.0168723521998973,10.724705,1362.46171806124,,,,126,Bolivia,313,293,1376,127,4.4,103,South America
BRA,312403,178094,Brazil,BR,Americas,205962108,15617.3212760458,0.123724107543121,205.962108,1516.79842002782,4752,51.05413,1.34264,13,Brazil,67064,63126,160383,49264,2.39,461,South America
BRB,3295,2716,Barbados,BB,Americas,284217,17527.8328511429,0.27538465327549,0.284217,11593.2544499449,,,,144,Barbados,137,100,1940,22,14.16,71,Caribbean
BRN,2161,2020,Brunei Darussalam,BN,Asia,417542,79439.062446088,0.0824467957714434,0.417542,5175.52725234827,24805,31.30059,,111,Brunei Darussalam,428,392,1396,279,3.26,57,South-Eastern Asia
BTN,2112,1945,Bhutan,BT,Asia,787386,8245.60530630055,0.0354006802254549,0.787386,2682.29305575664,3995,,,159,Bhutan,89,75,353,50,3.97,32,Southern Asia
BWA,2893,2643,Botswana,BW,Africa,2209197,16352.545696024,0.0166780056282894,2.209197,1309.52558780408,,30.23934,,107,Botswana,468,366,2250,105,4.81,89,Southern Africa
CAN,350133,195399,Canada,CA,North America,35832513,44647.3642265863,0.363636231709453,35.832513,9771.37718473722,,64.78696,1.69718,9,Canada,99526,88410,415222,91546,4.17,963,Northern America
CHE,117321,85766,Switzerland,CH,Europe,8282396,63648.2880177144,0.448691417314507,8.282396,14165.1039143745,23303,57.70735,3.3716,16,Switzerland,43640,39311,247407,44620,5.67,818,Western Europe
CHL,56444,45657,Chile,CL,Americas,17762681,22647.4618198874,0.153098454000272,17.762681,3177.67346044215,4324,85.26672,0.38073,44,Chile,11299,10597,38002,8195,3.36,291,South America
CHN,543992,242198,China,CN,Asia,1371220000,14450.094990196,0.202043435772524,1371.22,396.721168010968,,46.04043,2.0656,2,China,448221,438110,1383577,868843,3.09,655,Eastern Asia
CIV,10063,8137,Cote D'Ivoire,CI,Africa,23108472,3451.87741812427,0.00474747962565418,23.108472,435.467996326196,4427,8.79438,,114,Côte d’Ivoire,406,375,3685,123,9.08,99,Western Africa
CMR,13600,11135,Cameroon,CM,Africa,22834522,3502.40788727502,0.000700693450031492,22.834522,595.589432526768,616,16.96239,,88,Cameroon,1179,1109,4661,663,3.95,106,Middle Africa
COD,3431,2833,"Congo, The Democratic Republic of the",CD,Africa,76196619,798.742655360412,1.31239418903876e-05,76.196619,45.0282446259197,,,0.40638,162,Democratic Republic Congo,74,72,239,10,3.23,49,Middle Africa
COG,357,347,Congo,CG,Africa,4995648,5902.42965114336,,4.995648,71.4622006994888,5069,,,112,Congo,425,399,2880,160,6.78,81,Middle Africa
COG,357,347,Congo,CG,Africa,4995648,5902.42965114336,,4.995648,71.4622006994888,573,,,112,Congo,425,399,2880,160,6.78,81,Middle Africa
COK,12,12,Cook Islands,CK,Oceania,,,,,,,,,208,Cook Islands,10,8,29,1,2.9,15,Polynesia
COL,82999,61456,Colombia,CO,Americas,48228697,13827.6727863559,0.114574171473055,48.228697,1720.94634860237,2763,53.28214,0.28975,47,Colombia,8783,8240,23713,4166,2.7,216,South America
COM,26,26,Comoros,KM,Africa,777424,1504.71658081263,0.0025725987363395,0.777424,33.4437835724135,664,,,213,Comoros,8,8,10,1,1.25,15,Eastern Africa
CPV,782,725,Cape Verde,CV,Africa,532913,6302.49439628391,0.0310895024140901,0.532913,1467.40649974761,1978,23.06306,,184,Cape Verde,35,34,88,16,2.51,20,Western Africa
CRI,11512,10349,Costa Rica,CR,Americas,4807852,15881.6084683561,0.116196588414119,4.807852,2394.41646706263,5429,53.05263,0.44993,94,Costa Rica,835,768,2828,425,3.39,152,Central America
CUB,926,828,Cuba,CU,Americas,11461432,,0.000711691174366345,11.461432,80.7926967590088,,36.1142,0.42854,70,Cuba,2049,1915,2864,463,1.4,145,Caribbean
CUW,582,538,Curacao,CW,Americas,157980,,0.253196607165464,0.15798,3684.0106342575,,,,,,,,,,,,Caribbean
CYM,249,233,Cayman Islands,KY,Americas,59963,,0.456664943381752,0.059963,4152.56074579324,,,,200,Cayman Islands,14,14,34,4,2.43,25,Caribbean
CYP,9630,8558,Cyprus,CY,Asia,1160985,31523.9268785245,0.224499024535201,1.160985,8294.68080982958,8318,60.10123,0.48059,71,Cyprus,2020,1780,10570,1115,5.23,151,Western Asia
CZE,79107,65208,Czech Republic,CZ,Europe,10546059,33468.7264974291,0.279405415805089,10.546059,7501.09590701133,6829,64.48163,1.92923,27,Czech Republic,23336,22297,63996,16867,2.74,367,Eastern Europe
DEU,774429,293123,Germany,DE,Europe,81686611,47810.8360109883,0.375917529495746,81.686611,9480.48879148628,17222,67.74687,2.91197,4,Germany,165845,150091,688485,210467,4.15,1059,Western Europe
DJI,1567,1459,Djibouti,DJ,Africa,927414,3342.9007663676,0.0260563243599946,0.927414,1689.64453846934,,,,196,Djibouti,18,17,25,5,1.39,20,Eastern Africa
DMA,221,211,Dominica,DM,Americas,73162,10586.7702932566,0.207197725595254,0.073162,3020.6938027938,,,,177,Dominica,40,34,130,6,3.25,27,Caribbean
DNK,29691,25074,Denmark,DK,Europe,5683483,48674.8407494886,0.423149325862328,5.683483,5224.08530121406,20768,82.12949,3.05497,24,Denmark,25697,23336,143053,26118,5.57,619,Northern Europe
DOM,8865,8114,Dominican Republic,DO,Americas,10528394,14238.8615166575,0.0651672990201544,10.528394,842.008762210077,,51.74711,,146,Dominican Republic,132,125,623,29,4.72,58,Caribbean
DZA,154835,90272,Algeria,DZ,Africa,39871528,14614.970429045,0.0569165044289248,39.871528,3883.34753561489,,36.78132,,55,Algeria,5722,5510,9747,2872,1.7,125,Northern Africa
ECU,15182,13354,Ecuador,EC,Americas,16144368,11446.3651373736,0.0978954394498441,16.144368,940.389862272713,4832,44.89223,,79,Ecuador,1608,1520,4396,815,2.73,126,South America
EGY,166302,102669,Egypt,EG,Africa,93778172,10750.4563039463,0.0408027787105938,93.778172,1773.35510442665,,35.02813,0.71858,37,Egypt,16090,15483,47511,11488,2.95,213,Northern Africa
ERI,344,325,Eritrea,ER,Africa,,,,,,,3.4765,,186,Eritrea,30,29,82,17,2.73,39,Eastern Africa
ESP,337870,197404,Spain,ES,Europe,46444832,34818.1205072534,0.291591236674083,46.444832,7274.65221534228,7610,85.61178,1.21832,11,Spain,86613,78158,330669,83675,3.82,723,Southern Europe
EST,8505,7956,Estonia,EE,Europe,1315407,28688.9687744908,0.292022925223904,1.315407,6465.6794437007,9000,72.16762,1.46604,63,Estonia,2996,2758,16494,2237,5.51,215,Northern Europe
ETH,63174,47854,Ethiopia,ET,Africa,99873033,1632.5518055136,0.004786076738052,99.873033,632.543121024471,4075,,,75,Ethiopia,1858,1727,7179,1020,3.86,115,Eastern Africa
FIN,28581,24770,Finland,FI,Europe,5479531,42071.1912691938,0.31570165402842,5.479531,5215.95735109447,14799,87.67987,2.89157,33,Finland,19462,17932,88082,16394,4.53,533,Northern Europe
FJI,1896,1709,Fiji,FJ,Oceania,892149,9027.54244178825,0.01427340051942,0.892149,2125.20554302028,,,,129,Fiji,265,232,3240,138,12.23,67,Melanesia
FLK,4,4,Falkland Islands (Malvinas),FK,Americas,,,,,,,,,187,Falkland Islands (Malvinas),26,23,107,21,4.12,36,South America
FRA,298855,171337,France,FR,Europe,66624068,40468.5097199871,0.403262676785212,66.624068,4485.69126700579,14038,62.78593,2.26703,7,France,115687,105734,455848,114428,3.94,966,Western Europe
FRO,105,93,Faroe Islands,FO,Europe,48965,,0.363361584805473,0.048965,2144.38884917798,,,,163,Faroe Islands,69,62,227,27,3.29,52,Northern Europe
FSM,18,17,"Micronesia, Federated States of",FM,Oceania,104433,3483.45593668339,0.0313789702488677,0.104433,172.359311711815,,,,199,Federated States of Micronesia,14,13,47,5,3.36,27,Micronesia
GAB,1004,846,Gabon,GA,Africa,1930175,17928.7029798014,0.00574144831427202,1.930175,520.160089111091,,,,137,Gabon,182,172,1196,87,6.57,89,Middle Africa
GBR,606525,268323,United Kingdom,GB,Europe,65128861,41579.8634115553,0.379040652960291,65.128861,9312.69164986626,14851,56.45849,1.66818,3,United Kingdom,188882,158968,785092,220220,4.16,1213,Northern Europe
GEO,13085,11753,Georgia,GE,Asia,3717100,9610.54338228378,0.178327728605633,3.7171,3520.21737375911,1215,46.48113,0.31982,87,Georgia,1204,1091,8296,625,6.89,135,Western Asia
GGY,71,68,Guernsey,GG,Europe,,,,,,,,,,,,,,,,,Northern Europe
GHA,38356,27349,Ghana,GH,Africa,27582821,4184.57761792593,0.00265136042466432,27.582821,1390.57567752044,3074,15.69071,,78,Ghana,1671,1528,6015,857,3.6,119,Western Africa
GIB,222,212,Gibraltar,GI,Europe,34228,,0.455095243660161,0.034228,6485.91796190254,,,,193,Gibraltar,19,16,75,1,3.95,24,Southern Europe
GIN,143,130,Guinea,GN,Africa,12091533,1866.77457993172,8.27024993439624e-05,12.091533,11.8264574061866,1606,,,155,Guinea,111,93,1038,119,9.35,51,Western Africa
GLP,268,263,Guadeloupe,GP,Americas,,,,,,,,,158,Guadeloupe,91,82,265,8,2.91,57,Caribbean
GMB,321,289,Gambia,GM,Africa,1977590,1669.73184738084,0.00180674457293979,1.97759,162.31878195177,1799,,,140,Gambia,165,157,3621,127,21.95,107,Western Africa
GNB,10,10,Guinea-Bissau,GW,Africa,1770526,1540.29303317721,0.000593608904924299,1.770526,5.64803905731969,,,,176,Guinea-Bissau,42,35,209,56,4.98,54,Western Africa
GNQ,82,77,Equatorial Guinea,GQ,Africa,1175389,29361.0680537046,0.00323212145085584,1.175389,69.7641376599577,,,,195,Equatorial Guinea,18,18,80,15,4.44,23,Middle Africa
GRC,263142,147870,Greece,GR,Europe,10820883,26697.2485044179,0.317814544339866,10.820883,24317.9784865986,,,0.96121,35,Greece,18420,16342,70489,12008,3.83,402,Southern Europe
GRD,426,415,Grenada,GD,Americas,106823,13585.5046357208,0.184950806474261,0.106823,3987.90522640255,,95.62066,,142,Grenada,146,100,378,24,2.59,40,Caribbean
GRL,33,32,Greenland,GL,Americas,56114,,0.178208646683537,0.056114,588.088534055672,,,,147,Greenland,129,123,678,118,5.26,56,Northern America
GTM,5674,5237,Guatemala,GT,Americas,16252429,7765.75727079973,0.0282940476158979,16.252429,349.117045827427,1387,21.78329,0.02988,128,Guatemala,271,247,1155,68,4.26,78,Central America
GUF,81,80,French Guiana,GF,Americas,,,,,,,,,160,French Guiana,88,82,480,30,5.45,63,South America
GUM,235,223,Guam,GU,Oceania,161797,,,0.161797,1452.43731342361,,,,178,Guam,40,36,62,8,1.55,58,Micronesia
GUY,2072,1900,Guyana,GY,Americas,768514,7533.07164673986,0.0698581938650435,0.768514,2696.11223738279,926,,,183,Guyana,35,30,247,10,7.06,36,South America
HKG,93127,69182,Hong Kong,HK,Asia,7291300,57071.6705483794,0.322004717951531,7.2913,12772.3451236405,12776,69.54381,0.76183,36,Hong Kong,16393,15092,80647,11406,4.92,447,Eastern Asia
HND,2595,2448,Honduras,HN,Americas,8960829,4590.81845503349,0.0220268682730136,8.960829,289.59374182902,1866,20.39552,0.01497,156,Honduras,102,94,428,19,4.2,55,Central America
HRV,69330,55536,Croatia,HR,Europe,4203604,22492.0651487371,0.234611775990317,4.203604,16492.9903007039,5700,66.49102,0.84027,52,Croatia,6481,6018,16308,2582,2.52,221,Southern Europe
HTI,3915,3382,Haiti,HT,Americas,10711061,1758.3344598491,0.00012585121119187,10.711061,365.510008765705,,,,,,,,,,,,Caribbean
HUN,88242,71322,Hungary,HU,Europe,9843028,26147.5373739471,0.276215205320964,9.843028,8964.92420828225,5857,48.96214,1.36245,45,Hungary,10441,9706,37776,6834,3.62,363,Eastern Europe
IDN,338380,174864,Indonesia,ID,Asia,258162113,11040.1900843813,0.0154282902077115,258.162113,1310.72679901717,3120,33.25072,,48,Indonesia,7834,7590,13906,3544,1.78,175,South-Eastern Asia
IMN,502,481,Isle of Man,IM,Europe,83167,,,0.083167,6036.04795171162,,,,,,,,,,,,Northern Europe
IND,1270060,355266,India,IN,Asia,1309053980,6127.29879526461,0.0129427435834235,1309.05398,970.212091635824,2458,26.76899,0.61957,5,India,135092,125540,281588,107513,2.08,478,Southern Asia
IRL,49535,39842,Ireland,IE,Europe,4646554,69394.4163829658,0.281814652320838,4.646554,10660.5884705095,12516,77.23215,1.19201,41,Ireland,12752,11243,58713,8841,4.6,414,Northern Europe
IRN,545477,233861,"Iran, Islamic Republic of",IR,Asia,79360487,17571.2222428653,0.10879294377314,79.360487,6873.40792150129,2389,,0.41763,17,Iran,43115,41707,119391,49285,2.77,234,Southern Asia
IRQ,56724,43108,Iraq,IQ,Asia,36115649,15897.2403050886,,36.115649,1570.62109004327,,,0.03775,69,Iraq,2071,1991,6765,1422,3.27,71,Western Asia
ISL,4347,4038,Iceland,IS,Europe,330815,47499.6253846535,0.376149811828363,0.330815,13140.2747759322,11194,75.76606,2.12004,81,Iceland,1510,1369,11317,1081,7.49,251,Northern Europe
ISR,80124,62374,Israel,IL,Asia,8380100,35888.8758935766,0.259304781565852,8.3801,9561.22241978019,6663,65.48689,4.25563,31,Israel,19734,17912,85961,13858,4.36,584,Western Asia
ITA,487971,228345,Italy,IT,Europe,60730582,36640.1155779484,0.245348727268907,60.730582,8035.01273872198,9505,60.93946,1.34115,8,Italy,106668,94897,432433,134709,4.05,839,Southern Europe
JAM,9655,7676,Jamaica,JM,Americas,2871934,8620.35652376923,0.0796989067297508,2.871934,3361.84605913646,3036,27.13061,,119,Jamaica,329,286,1776,81,5.4,83,Caribbean
JEY,117,115,Jersey,JE,Europe,,,,,,,,,,,,,,,,,Northern Europe
JOR,16493,14200,Jordan,JO,Asia,9159302,9041.81756496415,0.0349595416768658,9.159302,1800.6830651506,,36.631,,65,Jordan,2546,2435,7408,928,2.91,130,Western Asia
JPN,128792,90581,Japan,JP,Asia,127141000,40717.3243779285,0.305743851314682,127.141,1012.98558293548,9591,,3.28165,6,Japan,121840,112922,349318,105867,2.87,871,Eastern Asia
KAZ,9664,8815,Kazakhstan,KZ,Asia,17544126,25048.0508078194,0.131155008804656,17.544126,550.839637152629,2806,46.37351,0.16951,67,Kazakhstan,2441,2381,2795,751,1.15,75,Central Asia
KEN,43065,31699,Kenya,KE,Africa,47236259,3019.57611010062,0.00286023920734282,47.236259,911.693705464694,,9.22956,,66,Kenya,2467,2215,12069,1548,4.89,201,Eastern Africa
KGZ,3203,2927,Kyrgyzstan,KG,Asia,5956900,3447.60825022898,0.0355085698937367,5.9569,537.695781362789,187,46.66787,0.11903,141,Kyrgyzstan,156,141,664,46,4.26,51,Central Asia
KHM,25632,19093,Cambodia,KH,Asia,15517635,3504.41825365613,0.00538123238496072,15.517635,1651.79809938821,,13.13563,0.11823,118,Cambodia,346,315,1978,340,5.72,86,South-Eastern Asia
KIR,1,1,Kiribati,KI,Oceania,112407,2094.90943188852,0.00104086044463423,0.112407,8.89624311653189,,,,216,Kiribati,5,5,10,0,2,9,Micronesia
KNA,108,100,Saint Kitts and Nevis,KN,Americas,54288,25737.6242945524,0.301650456822871,0.054288,1989.3899204244,1681,86.68149,,165,Saint Kitts and Nevis,68,58,239,15,3.51,25,Caribbean
KOR,169886,113764,"Korea, Republic of",KR,Asia,51014947,35203.734140356,0.392520627336925,51.014947,3330.12205226833,5421,94.33984,4.21702,12,South Korea,79633,76543,258546,66845,3.25,536,Eastern Asia
KWT,10496,9443,Kuwait,KW,Asia,3935794,72918.0037634406,0.0139743086147293,3.935794,2666.80624036726,,55.14833,0.0966,82,Kuwait,1489,1381,3371,377,2.26,123,Western Asia
LAO,965,906,Lao People's Democratic Republic,LA,Asia,6663967,6128.35823785121,0.00552808859947836,6.663967,144.808640258873,1236,18.16504,,131,Laos,237,218,1197,117,5.05,67,South-Eastern Asia
LBN,22179,18780,Lebanon,LB,Asia,5851479,14218.8297179534,0.219304897103792,5.851479,3790.32377968032,2722,,,68,Lebanon,2376,2177,8927,948,3.76,157,Western Asia
LBR,207,196,Liberia,LR,Africa,4499621,836.181489038688,0.00155568657893631,4.499621,46.0038745485453,613,,,164,Liberia,69,56,558,78,8.09,28,Western Africa
LBY,8735,7448,Libya,LY,Africa,6234955,,0.00978355096388025,6.234955,1400.97242081138,,,,113,Libya,421,409,2452,81,5.82,57,Northern Africa
LCA,642,611,Saint Lucia,LC,Americas,177206,12729.7742086845,0.160412175659966,0.177206,3622.90215906911,,16.32605,,203,Saint Lucia,12,11,560,3,46.67,20,Caribbean
LIE,244,233,Liechtenstein,LI,Europe,37403,,0.419645482982649,0.037403,6523.54089244178,,33.54204,,150,Liechtenstein,120,102,369,40,3.08,64,Western Europe
LKA,27719,23011,Sri Lanka,LK,Asia,20966000,11779.3639141309,0.0298539063245254,20.966,1322.09291233426,3351,19.75837,0.10871,84,Sri Lanka,1360,1228,6380,598,4.69,135,Southern Asia
LSO,861,794,Lesotho,LS,Africa,2174645,2883.8110871885,0.000948200740810569,2.174645,395.926691482978,,10.18687,0.04795,170,Lesotho,49,43,114,17,2.33,31,Southern Africa
LTU,26028,23230,Lithuania,LT,Europe,2904910,28783.6667748194,0.28685845688851,2.90491,8960.00220316636,6636,69.74054,1.04095,61,Lithuania,3467,3325,9779,1825,2.82,165,Northern Europe
LUX,13621,12163,Luxembourg,LU,Europe,569604,102517.138229939,0.342869783217814,0.569604,23913.1045428052,386,19.77631,1.28405,74,Luxembourg,1861,1681,8127,1058,4.37,136,Western Europe
LVA,11749,10798,Latvia,LV,Europe,1977527,24510.1620574717,0.254612452826181,1.977527,5941.25895626204,5982,74.29988,0.62623,72,Latvia,1987,1928,5125,1062,2.58,129,Northern Europe
MAC,3700,3455,Macau,MO,Asia,600942,106959.839554808,0.282787689993377,0.600942,6157.00017638974,23858,71.39112,0.13554,92,Macao,906,834,4248,447,4.69,73,Eastern Asia
MAF,1,1,Saint Martin,,,31754,,,0.031754,31.4920954840335,,,,,,,,,,,,Caribbean
MAR,121384,74013,Morocco,MA,Africa,34803322,7770.24599129649,0.0329719387132067,34.803322,3487.7130407264,,28.40355,,56,Morocco,4611,4234,11105,2544,2.41,151,Northern Africa
MCO,278,265,Monaco,MC,Europe,38307,,0.479129140888088,0.038307,7257.15926593051,,,,145,Monaco,137,126,836,67,6.1,85,Western Europe
MDA,6224,5905,"Moldova, Republic of",MD,Europe,3554108,5054.68247321695,0.150359246258133,3.554108,1751.21296257739,1969,41.21348,0.30943,115,Moldova,387,366,1349,239,3.49,90,Eastern Europe
MDG,7707,6571,Madagascar,MG,Africa,24234088,1466.49746244796,0.000977713706412224,24.234088,318.023108606356,1485,4.80619,,127,Madagascar,306,289,1060,179,3.46,81,Eastern Africa
MDV,2466,2233,Maldives,MV,Asia,418403,14593.9728660639,0.0553891821999364,0.418403,5893.83919331362,4400,,,191,Maldives,23,21,94,18,4.09,24,Southern Asia
MEX,205090,127722,Mexico,MX,Americas,125890949,16983.4642100695,0.117225949261849,125.890949,1629.10838014256,7167,31.81904,0.52377,28,Mexico,20488,19057,51292,10951,2.5,352,Central America
MHL,1,1,Marshall Islands,MH,Oceania,52994,3903.12790717999,0.0188700607615957,0.052994,18.8700607615957,,,,215,Marshall Islands,7,7,35,0,5,19,Micronesia
MKD,13733,12518,Macedonia,MK,Europe,2079308,13766.3188262972,0.174298853272339,2.079308,6604.60114615055,,41.14333,0.44412,91,Macedonia,919,855,2209,282,2.4,91,Southern Europe
MLI,909,848,Mali,ML,Africa,17467905,2043.71810510616,0.00020031022609752,17.467905,52.0382953765778,2214,5.50317,0.31462,130,Mali,261,246,1604,111,6.15,82,Western Africa
MLT,15779,13489,Malta,MT,Europe,431874,35873.820787986,0.377899572560515,0.431874,36536.1193311012,16126,47.12258,0.74085,99,Malta,632,530,2149,265,3.4,93,Southern Europe
MMR,16585,14075,Myanmar,MM,Asia,52403669,5384.86938870142,0.000628219371433706,52.403669,316.485473564838,,,,134,Myanmar,213,200,941,112,4.42,58,South-Eastern Asia
MNE,4490,4092,Montenegro,ME,Europe,622159,16272.1956451856,0.180651569775572,0.622159,7216.80470747831,,,0.374,117,Montenegro,365,342,599,130,1.64,40,Southern Europe
MNG,3897,3400,Mongolia,MN,Asia,2976877,12152.1713808006,0.0698876708711848,2.976877,1309.0900295847,,68.04701,0.15468,122,Mongolia,319,296,1092,107,3.42,78,Eastern Asia
MNP,91,88,Northern Mariana Islands,MP,Oceania,54816,,,0.054816,1660.09924109749,,,,201,Northern Mariana Islands,13,12,45,0,3.46,15,Micronesia
MOZ,2429,2223,Mozambique,MZ,Africa,28010691,1190.75222415194,0.00151977685948554,28.010691,86.7168896333189,1866,6.65915,0.33751,120,Mozambique,324,302,1151,147,3.55,81,Eastern Africa
MRT,901,813,Mauritania,MR,Africa,4182341,3835.2310604266,0.00230445102396003,4.182341,215.429588357334,2620,5.61214,,182,Mauritania,36,35,62,24,1.72,38,Western Africa
MTQ,750,699,Martinique,MQ,Americas,,,,,,,,,167,Martinique,59,49,420,3,7.12,43,Caribbean
MUS,10028,8507,Mauritius,MU,Africa,1262605,20087.7153801145,0.156343432823409,1.262605,7942.30974849616,2211,37.41528,,132,Mauritius,232,205,605,69,2.61,61,Eastern Africa
MWI,6822,5540,Malawi,MW,Africa,17573607,1159.31984189185,0.000333170077150354,17.573607,388.195775631036,,,,101,Malawi,557,497,2555,332,4.59,117,Eastern Africa
MYS,143724,96300,Malaysia,MY,Asia,30723155,26623.3283680558,0.0891412356576009,30.723155,4678.03518225911,13453,45.59271,1.2998,23,Malaysia,26796,25832,61575,18015,2.3,224,South-Eastern Asia
MYT,63,63,Mayotte,YT,Africa,,,,,,,,,229,Mayotte,1,1,2,0,2,11,Eastern Africa
NAM,2816,2591,Namibia,NA,Africa,2425561,10610.5467741171,0.0290275115736112,2.425561,1160.96853470187,,20.59755,,,,,,,,,,Southern Africa
NCL,1177,1137,New Caledonia,NC,Oceania,272000,,0.203569852941176,0.272,4327.20588235294,,,,135,New Caledonia,188,179,2552,115,13.57,82,Melanesia
NER,1555,1363,Niger,NE,Africa,19896965,963.254845454594,0.00136643955497735,19.896965,78.1526227743779,5643,3.29967,,136,Niger,184,165,695,82,3.78,64,Western Africa
NGA,104098,61856,Nigeria,NG,Africa,181181744,6038.4623153936,7.99859835768001e-05,181.181744,574.550159976383,,,,54,Nigeria,5742,5303,12500,2210,2.18,153,Western Africa
NIC,2347,2181,Nicaragua,NI,Americas,6082035,5282.69923560336,0.0191232046510748,6.082035,385.890577742483,,,0.10742,154,Nicaragua,111,99,434,40,3.91,70,Central America
NLD,193768,131445,Netherlands,NL,Europe,16939923,49527.6696637249,0.414942677130233,16.939923,11438.5407773105,16225,80.56992,1.98487,15,Netherlands,56256,50143,293648,59419,5.22,835,Western Europe
NOR,22454,19738,Norway,NO,Europe,5190239,61722.239910673,0.394422299242867,5.190239,4326.19769532771,24745,77.95894,1.93095,29,Norway,20097,17556,84537,15586,4.21,491,Northern Europe
NPL,21618,17893,Nepal,NP,Asia,28656282,2464.38903347795,0.0105633033622436,28.656282,754.389561074252,596,14.96646,,89,Nepal,1055,931,2728,481,2.59,106,Southern Asia
NZL,37178,31200,New Zealand,NZ,Oceania,4595700,37426.593064662,0.315708161977501,4.5957,8089.73605761908,10079,80.56338,1.23292,39,New Zealand,14366,12499,56289,9987,3.92,428,Australia and New Zealand
OMN,10850,8570,Oman,OM,Asia,4199810,42742.5424946832,0.0555344170331515,4.19981,2583.45020369969,,39.23264,0.24972,80,Oman,1593,1464,6052,674,3.8,105,Western Asia
PAK,141585,88800,Pakistan,PK,Asia,189380513,5000.28383883723,0.00946876197341381,189.380513,747.621799926162,2834,9.2259,0.24605,43,Pakistan,12015,11444,34974,9945,2.91,197,Southern Asia
PAN,3957,3714,Panama,PA,Americas,3969249,22015.3266764872,0.0796543628278297,3.969249,996.914025801858,3634,47.26563,0.12033,104,Panama,512,480,3195,393,6.24,162,Central America
PER,75039,56231,Peru,PE,Americas,31376671,12530.8154908355,0.0637243829978011,31.376671,2391.55390321682,,,0.11705,73,Peru,1986,1779,9004,918,4.53,179,South America
PHL,141752,84959,Philippines,PH,Asia,101716359,7320.49853859333,0.0478800268499583,101.716359,1393.60080712287,,,0.16415,64,Philippines,2554,2337,9429,1218,3.69,189,South-Eastern Asia
PLW,12,12,Palau,PW,Oceania,21288,15954.233067023,0.0574971815107103,0.021288,563.69785794814,,,,197,Palau,17,17,50,8,2.94,30,Micronesia
PNG,2683,2440,Papua New Guinea,PG,Oceania,7919825,4117.31277773882,0.00189398124327242,7.919825,338.770111713327,,,,138,Papua New Guinea,170,158,3097,110,18.22,79,Melanesia
POL,151309,109608,Poland,PL,Europe,37986412,26594.7578582656,0.191266971989879,37.986412,3983.24011228015,6575,66.94615,1.00325,19,Poland,41644,39404,115071,36702,2.76,445,Eastern Europe
PRI,11437,10192,Puerto Rico,PR,Americas,3473181,37580.9867618585,0.190683410971095,3.473181,3292.94672520666,,96.65043,0.42883,96,Puerto Rico,745,687,4148,176,5.57,184,Caribbean
PRK,2,2,"Korea, Democratic People's Republic of",KP,Asia,25243917,,,25.243917,0.0792270074410402,,28.2197,,168,North Korea,54,51,227,1,4.2,85,Eastern Asia
PRT,125331,90239,Portugal,PT,Europe,10358076,29532.3811616848,0.303356337605555,10.358076,12099.8339846126,7562,61.75633,1.24263,26,Portugal,23361,21118,79557,17408,3.41,379,Southern Europe
PRY,3264,3081,Paraguay,PY,Americas,6639119,9199.66938423151,0.0332661607662101,6.639119,491.631495082405,,,0.09687,133,Paraguay,219,204,867,66,3.96,69,South America
PSE,9222,7673,Palestinian Territory,PS,Asia,4422143,,0.0620739763503804,4.422143,2085.41424372753,,45.28426,,105,Palestine,507,459,3402,287,6.71,69,Western Asia
PYF,175,161,French Polynesia,PF,Oceania,277690,,0.186927869206669,0.27769,630.199142929166,,,,148,French Polynesia,128,119,1374,90,10.73,69,Polynesia
QAT,12001,10730,Qatar,QA,Asia,2481539,127516.908588418,0.0958171521785473,2.481539,4836.11178385671,,14.70129,0.51883,62,Qatar,3150,2888,15293,2061,4.85,105,Western Asia
REU,1225,1154,Reunion,RE,Africa,,,,,,,,,175,Reunion,43,40,880,5,20.47,43,Eastern Africa
ROU,168804,118200,Romania,RO,Europe,19815481,21566.0730483419,0.21509101898662,19.815481,8518.79396720171,4846,46.72669,0.48793,38,Romania,14734,14060,29949,7868,2.03,201,Eastern Europe
RUS,261658,179710,Russian Federation,RU,Europe,144096870,24691.8336492783,0.186551331753424,144.09687,1815.84790842438,3684,79.93813,1.10076,14,Russian Federation,65416,63642,118605,55718,1.81,467,Eastern Europe
RWA,8009,7253,Rwanda,RW,Africa,11629553,1827.18713413489,0.0018164928609036,11.629553,688.676512330268,148,7.61135,,124,Rwanda,317,291,3339,132,10.53,62,Eastern Africa
SAU,78891,57412,Saudi Arabia,SA,Asia,31557144,54013.8780426308,0.112968904917378,31.557144,2499.94105930499,,61.05635,,34,Saudi Arabia,19008,18184,88624,17944,4.66,241,Western Asia
SDN,12303,10611,Sudan,SD,Africa,38647803,4568.66485825461,0.00071628909927946,38.647803,318.336335961969,,16.91901,,98,Sudan,662,617,3018,164,4.56,78,Northern Africa
SEN,5904,4614,Senegal,SN,Africa,14976994,2442.6430727681,0.00671770316526801,14.976994,394.204604742447,5144,10.75214,0.5772,97,Senegal,736,685,2312,318,3.14,106,Western Africa
SGP,86081,63407,Singapore,SG,Asia,5535002,86139.0836148161,0.268509388072489,5.535002,15552.1172350073,17584,,2.256,30,Singapore,19835,18151,106326,17974,5.36,454,South-Eastern Asia
SHN,1,1,Saint Helena,SH,Africa,,,,,,,,,226,Saint Helena,2,2,6,0,3,6,Western Africa
SLB,76,63,Solomon Islands,SB,Oceania,587482,2186.63397178464,0.00241709533228252,0.587482,129.365665671459,,,,171,Solomon Islands,47,43,164,25,3.49,36,Melanesia
SLE,260,240,Sierra Leone,SL,Africa,7237025,1401.33342448205,,7.237025,35.926364770054,,,,151,Sierra Leone,119,104,1643,173,13.81,40,Western Africa
SLV,4831,4377,El Salvador,SV,Americas,6312478,8354.0293562523,0.0559211453885463,6.312478,765.309597910678,813,27.97005,0.14348,143,El Salvador,141,132,442,32,3.13,51,Central America
SMR,25,20,San Marino,SM,Europe,32960,60028.9243456052,0.35318567961165,0.03296,758.495145631068,,,,188,San Marino,26,24,73,2,2.81,26,Southern Europe
SOM,2237,2033,Somalia,SO,Africa,13908129,,0.00589583257388539,13.908129,160.841188631483,,,,198,Somalia,16,16,225,1,14.06,18,Eastern Africa
SRB,82128,65390,Serbia,RS,Europe,7095383,13896.1213879743,0.186068884512647,7.095383,11574.8508572405,5441,58.28769,0.81146,49,Serbia,7271,6787,21436,3729,2.95,149,Southern Europe
SSD,274,248,South Sudan,SS,Africa,11882136,1925.44711771138,1.26239928578498e-05,11.882136,23.0598269536723,,,,,,,,,,,,Northern Africa
STP,9,9,Sao Tome and Principe,ST,Africa,195553,3137.93905587782,0.0067194059922374,0.195553,46.0233287139548,1251,13.38452,,219,Sao Tome and Principe,3,3,7,0,2.33,16,Middle Africa
SUR,1156,1068,Suriname,SR,Americas,553208,15724.6393919787,0.0952462726497086,0.553208,2089.62994027563,,,,179,Suriname,39,38,111,14,2.85,32,South America
SVK,28972,25264,Slovakia,SK,Europe,5423801,29522.0447700489,0.234855961713935,5.423801,5341.64140609141,7754,50.70005,1.17171,50,Slovakia,7242,6995,17686,4002,2.44,222,Eastern Europe
SVN,33041,28202,Slovenia,SI,Europe,2063531,31468.3631714967,0.27334021151124,2.063531,16011.8747913164,7154,80.26099,2.19504,53,Slovenia,6088,5694,19723,3499,3.24,231,Southern Europe
SWE,65396,52500,Sweden,SE,Europe,9799186,47891.2778399445,0.356788818989659,9.799186,6673.61554316859,20356,62.28248,3.26418,20,Sweden,38579,34968,186028,35899,4.82,735,Northern Europe
SWZ,1055,988,Swaziland,SZ,Africa,1319011,8261.74606049962,0.00454886274640621,1.319011,799.841699576425,12057,,0.27013,149,Swaziland,124,106,288,10,2.32,51,Southern Africa
SYC,413,389,Seychelles,SC,Africa,93419,27180.6170069898,0.143653860563697,0.093419,4420.9422066175,,14.38099,,166,Seychelles,60,59,362,35,6.03,52,Eastern Africa
SYR,14422,12270,Syrian Arab Republic,SY,Asia,18734987,,0.0389250870577065,18.734987,769.789698813242,,42.67733,0.02053,102,Syrian Arab Republic,540,507,3218,181,5.96,89,Western Asia
TCA,164,155,Turks and Caicos Islands,TC,Americas,34339,,,0.034339,4775.9107720085,,,,212,Turks and Caicos Islands,8,7,29,6,3.63,15,Caribbean
TCD,10,10,Chad,TD,Africa,14009413,2180.45602566801,0.000809241614905635,14.009413,0.713805781869661,,3.2513,,180,Chad,38,36,51,4,1.34,36,Middle Africa
TGO,713,672,Togo,TG,Africa,7416802,1436.89780436926,0.00850878855873461,7.416802,96.1330773020502,1342,10.96299,,139,Togo,167,150,241,25,1.44,42,Western Africa
THA,144142,101749,Thailand,TH,Asia,68657600,16225.026951608,0.0907255715317751,68.6576,2099.43254643332,2827,,0.61609,42,Thailand,12719,12053,33108,6766,2.6,269,South-Eastern Asia
TJK,774,690,Tajikistan,TJ,Asia,8548651,2811.86988951746,0.000701865124684585,8.548651,90.5406010843114,551,26.58862,0.10888,153,Tajikistan,118,110,140,32,1.19,34,Central Asia
TKL,4,4,Tokelau,TK,Oceania,,,,,,,,,232,Tokelau,1,1,0,0,0,1,Polynesia
TKM,358,343,Turkmenistan,TM,Asia,5565284,15964.7918355795,0.000539056048172923,5.565284,64.3273550819689,,,,192,Turkmenistan,20,19,40,11,2,23,Central Asia
TLS,80,78,Timor-Leste,TL,Asia,1240977,2044.69996432492,0.000828379575125083,1.240977,64.4653365856096,,,,190,Timor-Leste,24,20,25,2,1.04,16,South-Eastern Asia
TON,80,80,Tonga,TO,Oceania,106364,5526.47869643388,0.0231093227031702,0.106364,752.134180737844,,,,204,Tonga,11,11,63,1,5.73,24,Polynesia
TTO,13848,11756,Trinidad and Tobago,TT,Americas,1360092,33312.6421126914,0.204781735353197,1.360092,10181.6641815407,,,0.08602,121,Trinidad and Tobago,323,281,687,43,2.13,84,Caribbean
TUN,53818,40724,Tunisia,TN,Africa,11273661,11447.1428010126,0.0509130973514283,11.273661,4773.7820039116,6271,35.19114,0.62967,51,Tunisia,7055,6636,16246,4005,2.3,144,Northern Africa
TUR,331262,176420,Turkey,TR,Asia,78271472,24844.8955515439,0.121431139048976,78.271472,4232.21886002093,4714,,0.8815,18,Turkey,42843,38631,89250,21495,2.08,339,Western Asia
TWN,128806,91422,Taiwan,TW,Asia,,,,,,,,,21,Taiwan,37558,35717,109378,23045,2.91,406,Eastern Asia
TZA,21202,17165,"Tanzania, United Republic of",TZ,Africa,53879957,2652.53164690112,0.00196733638818606,53.879957,393.504397191705,,4.01016,,85,Tanzania,1357,1262,6784,872,5,136,Eastern Africa
UGA,12123,10212,Uganda,UG,Africa,40144870,1774.0108189895,0.00201081732236273,40.14487,301.981299229516,1729,,,83,Uganda,1398,1299,7857,999,5.62,145,Eastern Africa
UKR,75392,62518,Ukraine,UA,Europe,45154029,7949.14900233477,0.110262873773678,45.154029,1669.66274482394,3222,,0.61477,46,Ukraine,10220,9942,19813,5748,1.94,211,Eastern Europe
URY,11421,10266,Uruguay,UY,Americas,3431552,21117.8015977599,0.2625438868477,3.431552,3328.23165727927,,59.69622,0.36446,86,Uruguay,1320,1233,7114,694,5.39,150,South America
USA,1726657,454110,United States,US,North America,320896618,56469.0089691129,0.318520028777617,320.896618,5380.72669871516,14843,88.88941,2.71744,1,United States,635127,546854,2490436,1232823,3.92,1965,Northern America
UZB,3777,3353,Uzbekistan,UZ,Asia,31298900,6069.97866590926,0.0571197709823668,31.2989,120.675167497899,,8.22409,0.17373,109,Uzbekistan,454,431,590,138,1.3,77,Central Asia
VAT,1031,972,Holy See (Vatican City State),VA,Europe,,,,,,,,,221,Vatican City State,3,3,11,0,3.67,7,Southern Europe
VCT,199,176,Saint Vincent and the Grenadines,VC,Americas,109455,11125.2015046932,0.154949522634873,0.109455,1818.09876204833,,23.66992,,218,Saint Vincent and the Grenadines,4,4,6,1,1.5,15,Caribbean
VEN,34139,28850,Venezuela,VE,Americas,31155134,,0.0828139593301059,31.155134,1095.77445566435,,,,77,Venezuela,1701,1571,3202,440,1.88,181,South America
VGB,35,32,"Virgin Islands, British",VG,Americas,30113,,0.221166937867366,0.030113,1162.28871251619,,42.25856,,214,Virgin Islands (British),7,6,20,0,2.86,24,Caribbean
VIR,78,76,"Virgin Islands, U.S.",VI,Americas,107710,,0.0835577012347971,0.10771,724.166744034909,,,,206,Virgin Islands (U.S.),10,8,30,0,3,33,Caribbean
VNM,180403,115124,Vietnam,VN,Asia,93571567,5915.1708326498,0.0818370285494952,93.571567,1927.96814015095,1829,29.07346,0.44113,58,Viet Nam,4414,4253,15972,2772,3.62,167,South-Eastern Asia
VUT,36,32,Vanuatu,VU,Oceania,264603,2988.85053762441,0.0162394228334524,0.264603,136.052879219057,,,,181,Vanuatu,36,36,188,19,5.22,33,Melanesia
WSM,74,65,Samoa,WS,Oceania,193759,5919.35982118632,0.0107556294159239,0.193759,381.917743175801,,,,194,Samoa,19,18,66,4,3.47,30,Polynesia
YEM,10895,9018,Yemen,YE,Asia,26916207,2812.35579731576,0.0146751732144132,26.916207,404.774714357042,,,,125,Yemen,317,308,1834,110,5.79,58,Western Asia
ZAF,131193,82067,South Africa,ZA,Africa,55291225,13164.4759340215,0.0254895238801455,55.291225,2372.76349004747,4865,,0.79846,32,South Africa,19627,17686,63125,15432,3.22,361,Southern Africa
ZMB,13448,10912,Zambia,ZM,Africa,16100587,3862.4784831131,0.00145274206462162,16.100587,835.249050236491,,,,106,Zambia,486,416,3956,263,8.14,102,Eastern Africa
ZWE,16856,13904,Zimbabwe,ZW,Africa,15777451,2036.31925973492,0.0103937575214146,15.777451,1068.36015526209,4523,10.00655,,100,Zimbabwe,628,535,1933,331,3.08,111,Eastern Africa
